,gamma_1,gamma_2,gamma_r,alpha_1,alpha_2,alpha_r,g1,g2
yig_t_0.02.csv,0.0,0.0,0.0,0.1062611479463047,0.41257588647652665,0.8956627929475424,0.0,0.0
yig_t_0.06.csv,0.0,0.0,0.0,0.100178355901388,0.3877638447299204,0.857393616897792,0.0,0.0
yig_t_0.073333333333333.csv,0.0,0.0,0.0,0.09955835360989937,0.39108738569037527,0.8558552196002714,0.0,0.0
yig_t_0.086666666666667.csv,0.0,0.0,0.0,0.10012057271408087,0.3932357136832317,0.851985062912251,0.0,0.0
yig_t_0.046666666666667.csv,0.0,0.0,0.0,0.09863143913525024,0.3854943512110471,0.8571174903300566,0.0,0.0
yig_t_0.1.csv,0.0,0.0,0.0,0.09838397356861267,0.3857907308867649,0.8555277759010315,0.0,0.0
yig_t_0.033333333333333.csv,0.0,0.0,0.0,0.10075595132090069,0.390623273189221,0.8664036290812688,0.0,0.0
